,First Name,Last Name,Season AB / N,N_H,MLE,MAP
0,Brent,Abernathy,67,16,0.23880597014925373,0.24731182795698925
1,Bobby,Abreu,588,168,0.2857142857142857,0.27079107505070993
2,Jeremy,Accardo,2,1,0.5,0.25
3,Jose,Acevedo,8,1,0.125,0.24630541871921183
4,Russ,Adams,481,123,0.25571725571725573,0.2525597269624573
5,Christopher,Aguila,78,19,0.24358974358974358,0.24789915966386555
6,Manny,Alexander,18,2,0.1111111111111111,0.24278846153846154
7,Edgardo,Alfonzo,368,102,0.27717391304347827,0.26240208877284593
8,Chad,Allen,53,15,0.2830188679245283,0.25277161862527714
9,Sandy,AlomarJr.,128,35,0.2734375,0.25475285171102663
10,Moises,Alou,427,137,0.32084309133489464,0.28606060606060607
11,Wilson,Alvarez,2,0,0.0,0.2475
12,Chip,Ambres,145,35,0.2413793103448276,0.24677716390423574
13,Alfredo,Amezaga,6,1,0.16666666666666666,0.24752475247524752
14,Brian,Anderson,34,6,0.17647058823529413,0.24305555555555555
15,Garret,Anderson,575,163,0.28347826086956524,0.2692702980472765
16,Marlon,Anderson,235,62,0.26382978723404255,0.25434439178515006
17,Robert,Andino,44,7,0.1590909090909091,0.2398190045248869
18,Danny,Ardoin,210,48,0.22857142857142856,0.24177631578947367
19,Tony,ArmasJr.,32,4,0.125,0.23953488372093024
20,Bronson,Arroyo,1,0,0.0,0.24812030075187969
21,Ezequiel,Astacio,21,3,0.14285714285714285,0.24343675417661098
22,Pedro,Astacio,17,1,0.058823529411764705,0.24096385542168675
23,Garrett,Atkins,519,149,0.28709055876685935,0.27044711014176664
24,Rich,Aurilia,426,120,0.28169014084507044,0.2657766990291262
25,Brad,Ausmus,387,100,0.25839793281653745,0.2535031847133758
26,Luis,Ayala,3,1,0.3333333333333333,0.24937655860349128
27,Willy,Aybar,86,28,0.32558139534883723,0.26239669421487605
28,Brandon,Backe,45,10,0.2222222222222222,0.24604966139954854
29,Carlos,Baerga,158,40,0.25316455696202533,0.25
30,Jeff,Bagwell,100,25,0.25,0.24899598393574296
31,Jeff,Baker,38,8,0.21052631578947367,0.24541284403669725
32,Paul,Bako,40,10,0.25,0.24885844748858446
33,James,Baldwin,1,0,0.0,0.24812030075187969
34,Rod,Barajas,410,104,0.25365853658536586,0.25123762376237624
35,Josh,Bard,83,16,0.1927710843373494,0.2390852390852391
36,Clint,Barmes,350,101,0.2885714285714286,0.26737967914438504
37,Michael,Barrett,424,117,0.2759433962264151,0.26277372262773724
38,Jason,Bartlett,224,54,0.24107142857142858,0.2459807073954984
39,Clifford,Bartosh,1,1,1.0,0.2506265664160401
40,Jose,Bautista,28,4,0.14285714285714285,0.24178403755868544
41,Jason,Bay,599,183,0.3055091819699499,0.28284854563691075
42,Yorman,Bazardo,1,0,0.0,0.24812030075187969
43,Josh,Beckett,59,9,0.15254237288135594,0.2363238512035011
44,Matt,Belisle,7,1,0.14285714285714285,0.24691358024691357
45,David,Bell,557,138,0.24775583482944344,0.2481675392670157
46,Heath,Bell,3,0,0.0,0.24688279301745636
47,Mark,Bellhorn,300,63,0.21,0.23209169054441262
48,Ron,Belliard,536,152,0.2835820895522388,0.26873661670235544
49,Carlos,Beltran,582,155,0.2663230240549828,0.25918367346938775
50,Adrian,Beltre,603,154,0.25538971807628524,0.25274725274725274
51,Gary,Bennett,199,44,0.22110552763819097,0.23953098827470687
52,Joaquin,Benoit,1,0,0.0,0.24812030075187969
53,Kris,Benson,49,9,0.1836734693877551,0.24161073825503357
54,Jason,Bergmann,3,1,0.3333333333333333,0.24937655860349128
55,William,Bergolla,38,5,0.13157894736842105,0.23853211009174313
56,Lance,Berkman,468,137,0.29273504273504275,0.27251732101616627
57,Adam,Bernero,1,1,1.0,0.2506265664160401
58,Angel,Berroa,608,164,0.26973684210526316,0.2614314115308151
59,Wilson,Betemit,246,75,0.3048780487804878,0.2701863354037267
60,Larry,Bigbie,272,65,0.23897058823529413,0.24477611940298508
61,Craig,Biggio,590,156,0.26440677966101694,0.25809716599190285
62,Casey,Blake,523,126,0.24091778202676864,0.24429967426710097
63,Hank,Blalock,647,170,0.26275115919629055,0.2574162679425837
64,Andres,Blanco,79,17,0.21518987341772153,0.2431865828092243
65,Henry,Blanco,161,39,0.2422360248447205,0.24686940966010734
66,Tony,Blanco,62,11,0.1774193548387097,0.2391304347826087
67,Joseph,Blanton,3,1,0.3333333333333333,0.24937655860349128
68,Willie,Bloomquist,249,64,0.2570281124497992,0.25193199381761977
69,Geoff,Blum,319,73,0.22884012539184953,0.2398884239888424
70,Hiram,Bocachica,19,2,0.10526315789473684,0.2422062350119904
71,Jeremy,Bonderman,6,0,0.0,0.24504950495049505
72,Barry,Bonds,42,12,0.2857142857142857,0.25227272727272726
73,Aaron,Boone,511,124,0.24266144814090018,0.24532453245324531
74,Bret,Boone,326,72,0.22085889570552147,0.2361878453038674
75,Joe,Borchard,12,5,0.4166666666666667,0.25365853658536586
76,Pat,Borders,117,23,0.19658119658119658,0.23689320388349513
77,Jason,Botts,27,8,0.2962962962962963,0.25176470588235295
78,Milton,Bradley,283,82,0.28975265017667845,0.2657856093979442
79,Russell,Branyan,202,52,0.25742574257425743,0.25166666666666665
80,Yhency,Brazoban,2,0,0.0,0.2475
81,Craig,Breslow,1,0,0.0,0.24812030075187969
82,Eude,Brito,7,1,0.14285714285714285,0.24691358024691357
83,Ben,Broussard,466,119,0.2553648068669528,0.2523148148148148
84,Jim,Brower,2,0,0.0,0.2475
85,Emil,Brown,545,156,0.28623853211009176,0.2704135737009544
86,Kevin,Brown,2,1,0.5,0.25
87,Brian,Bruney,1,0,0.0,0.24812030075187969
88,Eric,Bruntlett,109,24,0.22018348623853212,0.24260355029585798
89,Jaime,Bubela,19,2,0.10526315789473684,0.2422062350119904
90,Jonathan,Buck,401,97,0.24189526184538654,0.2453066332916145
91,Mark,Buehrle,3,0,0.0,0.24688279301745636
92,Nate,Bump,5,1,0.2,0.24813895781637718
93,Christopher,Burke,318,79,0.24842767295597484,0.24860335195530725
94,Jamie,Burke,1,0,0.0,0.24812030075187969
95,Allen,Burnett,68,10,0.14705882352941177,0.23390557939914164
96,Jeromy,Burnitz,605,156,0.2578512396694215,0.2542372881355932
97,Pat,Burrell,562,158,0.28113879003558717,0.2677083333333333
98,Sean,Burroughs,284,71,0.25,0.24926686217008798
99,Freddie,Bynum,7,2,0.2857142857142857,0.24938271604938272
100,Marlon,Byrd,229,61,0.2663755458515284,0.2551834130781499
101,Paul,Byrd,4,1,0.25,0.24875621890547264
102,Eric,Byrnes,412,93,0.22572815533980584,0.23703703703703705
103,Daniel,Cabrera,1,0,0.0,0.24812030075187969
104,Melky,Cabrera,19,4,0.21052631578947367,0.24700239808153476
105,Miguel,Cabrera,613,198,0.32300163132137033,0.29376854599406527
106,Orlando,Cabrera,540,139,0.2574074074074074,0.2537313432835821
107,Matthew,Cain,15,1,0.06666666666666667,0.24213075060532688
108,Miguel,Cairo,327,82,0.25076452599388377,0.2496551724137931
109,Kiko,Calero,1,0,0.0,0.24812030075187969
110,Napoleon,Calzado,5,1,0.2,0.24813895781637718
111,Mike,Cameron,308,84,0.2727272727272727,0.25920679886685555
112,Robinson,Cano,522,155,0.29693486590038315,0.27608695652173915
113,Jorge,Cantu,598,171,0.28595317725752506,0.2710843373493976
114,Christopher,Capuano,71,12,0.16901408450704225,0.23667377398720682
115,Chris,Carpenter,77,5,0.06493506493506493,0.21894736842105264
116,Giovanni,Carrara,1,0,0.0,0.24812030075187969
117,Daniel,Carrasco,7,0,0.0,0.24444444444444444
118,Hector,Carrasco,8,0,0.0,0.2438423645320197
119,Jamey,Carroll,303,76,0.2508250825082508,0.24964336661911554
120,Marcos,Carvajal,4,1,0.25,0.24875621890547264
121,Raul,Casanova,5,1,0.2,0.24813895781637718
122,Sean,Casey,529,165,0.31190926275992437,0.284789644012945
123,Kevin,Cash,31,5,0.16129032258064516,0.24242424242424243
124,Scott,Cassidy,1,0,0.0,0.24812030075187969
125,Vinny,Castilla,494,125,0.25303643724696356,0.25112107623318386
126,Alberto,Castillo,101,21,0.2079207920792079,0.24048096192384769
127,Frank,Castillo,1,0,0.0,0.24812030075187969
128,Jose,Castillo,370,99,0.26756756756756755,0.2578125
129,Luis,Castillo,439,132,0.30068337129840544,0.27598566308243727
130,Bernabel,Castro,80,23,0.2875,0.25523012552301255
131,Juan,Castro,272,70,0.25735294117647056,0.25223880597014925
132,Ramon,Castro,209,51,0.24401913875598086,0.2471169686985173
133,Frank,Catalanotto,419,126,0.30071599045346065,0.27539779681762544
134,Roger,Cedeno,57,9,0.15789473684210525,0.23736263736263735
135,Ronny,Cedeno,80,24,0.3,0.25732217573221755
136,Matthew,Cepicky,25,6,0.24,0.24822695035460993
137,Gustavo,Chacin,7,0,0.0,0.24444444444444444
138,Shawn,Chacon,20,3,0.15,0.24401913875598086
139,Angel,Chavez,19,5,0.2631578947368421,0.24940047961630696
140,Endy,Chavez,116,25,0.21551724137931033,0.24124513618677043
141,Eric,Chavez,625,168,0.2688,0.26099706744868034
142,Raul,Chavez,99,17,0.1717171717171717,0.23340040241448692
143,Bruce,Chen,3,1,0.3333333333333333,0.24937655860349128
144,Chin-Feng,Chen,8,2,0.25,0.24876847290640394
145,HeeSeop,Choi,320,81,0.253125,0.25069637883008355
146,Shin-soo,Choo,18,1,0.05555555555555555,0.2403846153846154
147,Ryan,Church,268,77,0.2873134328358209,0.26426426426426425
148,Alex,Cintron,330,90,0.2727272727272727,0.25961538461538464
149,Jeff,Cirillo,185,52,0.2810810810810811,0.25900514579759865
150,Brady,Clark,599,183,0.3055091819699499,0.28284854563691075
151,Douglas,Clark,5,0,0.0,0.2456575682382134
152,Tony,Clark,349,106,0.3037249283667622,0.2744310575635877
153,Brandon,Claussen,55,5,0.09090909090909091,0.22958057395143489
154,Royce,Clayton,522,141,0.27011494252873564,0.2608695652173913
155,Roger,Clemens,58,12,0.20689655172413793,0.24342105263157895
156,Matt,Clement,3,0,0.0,0.24688279301745636
157,Jeffrey,Closser,237,52,0.21940928270042195,0.2377952755905512
158,Justin,Coffey,3,0,0.0,0.24688279301745636
159,Bartolo,Colon,3,1,0.3333333333333333,0.24937655860349128
160,Roman,Colon,7,0,0.0,0.24444444444444444
161,Jeff,Conine,335,102,0.3044776119402985,0.2742155525238745
162,Jose,Contreras,3,0,0.0,0.24688279301745636
163,Aaron,Cook,30,5,0.16666666666666666,0.24299065420560748
164,Brian,Cooper,2,1,0.5,0.25
165,Alex,Cora,250,58,0.232,0.24228395061728394
166,Wil,Cordero,51,6,0.11764705882352941,0.23385300668151449
167,Lance,Cormier,6,2,0.3333333333333333,0.25
168,Rheal,Cormier,1,0,0.0,0.24812030075187969
169,Kevin,Correia,14,1,0.07142857142857142,0.24271844660194175
170,David,Cortes,2,0,0.0,0.2475
171,Fernando,Cortez,13,1,0.07692307692307693,0.24330900243309003
172,Shane,Costa,81,19,0.2345679012345679,0.24634655532359082
173,Humberto,Cota,297,72,0.24242424242424243,0.2460431654676259
174,Craig,Counsell,578,148,0.2560553633217993,0.2530737704918033
175,Carl,Crawford,644,194,0.30124223602484473,0.28119001919385794
176,Joe,Crede,432,109,0.2523148148148148,0.25060240963855424
177,Covelli,Crisp,594,178,0.2996632996632997,0.27923387096774194
178,Bobby,Crosby,333,92,0.27627627627627627,0.2612859097127223
179,Bubba,Crosby,98,27,0.2755102040816326,0.2540322580645161
180,Deivi,Cruz,260,69,0.2653846153846154,0.2553191489361702
181,Jacob,Cruz,127,30,0.23622047244094488,0.24571428571428572
182,Jose,Cruz,370,93,0.25135135135135134,0.25
183,Nelson,Cruz,5,1,0.2,0.24813895781637718
184,Michael,Cuddyer,422,111,0.26303317535545023,0.25609756097560976
185,Midre,Cummings,2,0,0.0,0.2475
186,Brian,Dallimore,7,1,0.14285714285714285,0.24691358024691357
187,Johnny,Damon,624,197,0.3157051282051282,0.2896281800391389
188,Brian,Daubach,25,3,0.12,0.24113475177304963
189,Jeff,DaVanon,225,52,0.2311111111111111,0.24237560192616373
190,Kyle,Davies,15,3,0.2,0.2469733656174334
191,Doug,Davis,73,10,0.136986301369863,0.23142250530785563
192,J.J.,Davis,26,6,0.23076923076923078,0.24764150943396226
193,Jason,Davis,2,0,0.0,0.2475
194,Steven,Day,11,2,0.18181818181818182,0.2469437652811736
195,David,DeJesus,461,135,0.2928416485900217,0.2724097788125728
196,Carlos,Delgado,521,157,0.30134357005758156,0.27856365614798695
197,David,Dellucci,435,109,0.25057471264367814,0.24969987995198079
198,Ryan,Dempster,14,1,0.07142857142857142,0.24271844660194175
199,Christopher,Denorfia,38,10,0.2631578947368421,0.25
200,Mark,DeRosa,148,36,0.24324324324324326,0.24725274725274726
201,Elmer,Dessens,10,0,0.0,0.2426470588235294
202,Einar,Diaz,130,27,0.2076923076923077,0.23863636363636365
203,Matt,Diaz,89,25,0.2808988764044944,0.2546201232032854
204,Victor,Diaz,280,72,0.2571428571428571,0.252212389380531
205,Mike,DiFelice,17,2,0.11764705882352941,0.2433734939759036
206,Joe,Dillon,36,6,0.16666666666666666,0.24193548387096775
207,Greg,Dobbs,142,35,0.24647887323943662,0.24814814814814815
208,John,Doe 1,364,99,0.27197802197802196,0.25984251968503935
209,John,Doe 2,211,54,0.2559241706161137,0.2512315270935961
210,John,Doe 3,65,16,0.24615384615384617,0.24838012958963282
211,John,Doe 4,39,5,0.1282051282051282,0.2379862700228833
212,John,Doe 5,32,9,0.28125,0.25116279069767444
213,Scott,Dohmann,1,0,0.0,0.24812030075187969
214,Andrew,Dominique,2,0,0.0,0.2475
215,Brendan,Donnelly,1,0,0.0,0.24812030075187969
216,Sean,Douglass,2,0,0.0,0.2475
217,Ryan,Doumit,231,59,0.2554112554112554,0.25119236883942764
218,Ryan,Drese,15,1,0.06666666666666667,0.24213075060532688
219,David,Drew,252,72,0.2857142857142857,0.2630769230769231
220,Jason,Dubois,187,44,0.23529411764705882,0.24444444444444444
221,Brandon,Duckworth,3,2,0.6666666666666666,0.2518703241895262
222,Christopher,Duffy,126,43,0.3412698412698413,0.27099236641221375
223,Zachary,Duke,28,4,0.14285714285714285,0.24178403755868544
224,Chris,Duncan,10,2,0.2,0.24754901960784315
225,Adam,Dunn,543,134,0.24677716390423574,0.24760892667375134
226,Erubiel,Durazo,152,36,0.23684210526315788,0.24545454545454545
227,Ray,Durham,497,144,0.289738430583501,0.27150837988826815
228,Trent,Durrington,14,3,0.21428571428571427,0.24757281553398058
229,Jermaine,Dye,529,145,0.2741020793950851,0.2632146709816613
230,Damion,Easley,267,64,0.2397003745318352,0.24511278195488723
231,Adam,Eaton,46,8,0.17391304347826086,0.240990990990991
232,David,Eckstein,630,185,0.29365079365079366,0.27626459143968873
233,Jim,Edmonds,467,123,0.2633832976445396,0.2566473988439306
234,Mike,Edwards,239,59,0.24686192468619247,0.24803767660910517
235,Joey,Eischen,3,1,0.3333333333333333,0.24937655860349128
236,Scott,Elarton,2,0,0.0,0.2475
237,Bradley,Eldred,190,42,0.22105263157894736,0.23979591836734693
238,Cal,Eldred,2,0,0.0,0.2475
239,Mark,Ellis,434,137,0.315668202764977,0.28365384615384615
240,Jason,Ellison,352,93,0.26420454545454547,0.256
241,Edwin,Encarnacion,211,49,0.23222748815165878,0.24302134646962234
242,Juan,Encarnacion,506,145,0.2865612648221344,0.26991150442477874
243,Morgan,Ensberg,526,149,0.2832699619771863,0.2683982683982684
244,Scott,Erickson,13,2,0.15384615384615385,0.24574209245742093
245,Darin,Erstad,609,166,0.27257799671592775,0.2631578947368421
246,Felix,Escalona,14,4,0.2857142857142857,0.25
247,Kelvim,Escobar,1,0,0.0,0.24812030075187969
248,Michael,Esposito,5,1,0.2,0.24813895781637718
249,Shawn,Estes,29,2,0.06896551724137931,0.23653395784543327
250,Johnny,Estrada,357,93,0.2605042016806723,0.2543046357615894
251,Dana,Eveland,1,0,0.0,0.24812030075187969
252,Adam,Everett,549,136,0.24772313296903462,0.2481520591341077
253,Carl,Everett,490,123,0.2510204081632653,0.25
254,Scott,Eyre,2,0,0.0,0.2475
255,Sal,Fasano,159,40,0.25157232704402516,0.2495511669658887
256,Jeff,Fassero,13,0,0.0,0.24087591240875914
257,Pedro,Feliz,569,142,0.24956063268892795,0.24922440537745605
258,Robert,Fick,230,61,0.26521739130434785,0.25477707006369427
259,Prince,Fielder,59,17,0.288135593220339,0.2538293216630197
260,Chone,Figgins,642,186,0.2897196261682243,0.27403846153846156
261,Steve,Finley,406,90,0.22167487684729065,0.23507462686567165
262,Jeffrey,Fiorentino,44,11,0.25,0.248868778280543
263,John,Flaherty,127,21,0.16535433070866143,0.22857142857142856
264,Rany,Flores,1,0,0.0,0.24812030075187969
265,Cliff,Floyd,550,150,0.2727272727272727,0.2626582278481013
266,Gavin,Floyd,9,1,0.1111111111111111,0.2457002457002457
267,Josh,Fogg,47,5,0.10638297872340426,0.23370786516853934
268,Mike,Fontenot,2,0,0.0,0.2475
269,Lew,Ford,522,138,0.26436781609195403,0.2576086956521739
270,Casey,Fossum,2,0,0.0,0.2475
271,Jeffrey,Francis,58,6,0.10344827586206896,0.23026315789473684
272,Julio,Franco,233,64,0.27467811158798283,0.2583201267828843
273,Jeff,Francoeur,257,77,0.29961089494163423,0.2687022900763359
274,Ryan,Franklin,4,0,0.0,0.2462686567164179
275,Ryan,Freel,369,100,0.27100271002710025,0.25945241199478486
276,Rapheal,Freeman,22,6,0.2727272727272727,0.25
277,Aaron,Fultz,3,1,0.3333333333333333,0.24937655860349128
278,Rafael,Furcal,616,175,0.2840909090909091,0.2702169625246548
279,Jason,Furmaniak,26,5,0.19230769230769232,0.24528301886792453
280,John,Gall,37,10,0.2702702702702703,0.25057471264367814
281,Eddy,Garabito,88,27,0.3068181818181818,0.25925925925925924
282,Freddy,Garcia,7,0,0.0,0.24444444444444444
283,Jesse,Garcia,36,6,0.16666666666666666,0.24193548387096775
284,Nomar,Garciaparra,230,65,0.2826086956521739,0.2611464968152866
285,Ryan,Garko,1,0,0.0,0.24812030075187969
286,Jon,Garland,2,1,0.5,0.25
287,Joey,Gathright,203,56,0.27586206896551724,0.2579034941763727
288,Geoff,Geary,6,1,0.16666666666666666,0.24752475247524752
289,Esteban,German,4,3,0.75,0.2537313432835821
290,Jody,Gerut,170,43,0.2529411764705882,0.25
291,Jason,Giambi,417,113,0.2709832134292566,0.26012269938650306
292,Tony,Giarratano,42,6,0.14285714285714285,0.23863636363636365
293,Jay,Gibbons,488,135,0.2766393442622951,0.26410835214446954
294,Geronimo,Gil,125,24,0.192,0.23518164435946462
295,Brian,Giles,545,164,0.30091743119266057,0.2788971367974549
296,Marcus,Giles,577,168,0.29116117850953205,0.27384615384615385
297,Keith,Ginter,137,22,0.16058394160583941,0.2261682242990654
298,Charles,Gipson,11,2,0.18181818181818182,0.2469437652811736
299,Troy,Glaus,538,139,0.258364312267658,0.25427350427350426
300,Tom,Glavine,64,13,0.203125,0.24242424242424243
301,Ross,Gload,42,7,0.16666666666666666,0.2409090909090909
302,Gary,Glover,20,2,0.1,0.24162679425837322
303,Ryan,Glynn,1,0,0.0,0.24812030075187969
304,Tyrell,Godwin,3,0,0.0,0.24688279301745636
305,Jonny,Gomes,348,98,0.28160919540229884,0.2640750670241287
306,Alexis,Gomez,16,3,0.1875,0.2463768115942029
307,Chris,Gomez,219,61,0.2785388127853881,0.2593192868719611
308,Adrian,Gonzalez,150,34,0.22666666666666666,0.2427007299270073
309,Alex,Gonzalez,349,94,0.2693409742120344,0.2583668005354752
310,Alex,Gonzalez,435,115,0.26436781609195403,0.25690276110444177
311,Juan,Gonzalez,1,0,0.0,0.24812030075187969
312,Luis,Gonzalez,579,157,0.2711571675302245,0.26202661207778916
313,Luis,Gonzalez,404,118,0.29207920792079206,0.27057356608478805
314,Wiki,Gonzalez,45,12,0.26666666666666666,0.2505643340857788
315,Thomas,Gorzelanny,1,0,0.0,0.24812030075187969
316,Michael,Gosling,6,0,0.0,0.24504950495049505
317,Ruben,Gotay,282,64,0.22695035460992907,0.23970588235294119
318,Jason,Grabowski,112,18,0.16071428571428573,0.22941176470588234
319,Tony,Graffanino,379,117,0.3087071240105541,0.277992277992278
320,Curtis,Granderson,162,44,0.2716049382716049,0.25535714285714284
321,Andy,Green,31,7,0.22580645161290322,0.24708624708624707
322,Nicholas,Green,318,76,0.2389937106918239,0.24441340782122906
323,Shawn,Green,581,166,0.2857142857142857,0.27068437180796734
324,Khalil,Greene,436,109,0.25,0.24940047961630696
325,Todd,Greene,126,32,0.25396825396825395,0.25
326,Zack,Greinke,2,1,0.5,0.25
327,Seth,Greisinger,2,0,0.0,0.2475
328,Ben,Grieve,20,5,0.25,0.24880382775119617
329,Ken,GriffeyJr.,491,148,0.3014256619144603,0.2778402699662542
330,John-Ford,Griffin,13,4,0.3076923076923077,0.25060827250608275
331,Marquis,Grissom,137,29,0.2116788321167883,0.23925233644859814
332,Gabe,Gross,92,23,0.25,0.24897959183673468
333,Mark,Grudzielanek,528,155,0.2935606060606061,0.27429805615550756
334,Vladimir,Guerrero,520,165,0.3173076923076923,0.2875816993464052
335,Matthew,Guerrier,1,0,0.0,0.24812030075187969
336,Aaron,Guiel,109,32,0.29357798165137616,0.2583826429980276
337,Carlos,Guillen,334,107,0.3203592814371258,0.2814207650273224
338,Jose,Guillen,551,156,0.2831215970961887,0.26870389884088514
339,Franklin,Gutierrez,1,0,0.0,0.24812030075187969
340,Cristian,Guzman,456,100,0.21929824561403508,0.23302107728337237
341,Yamid,Haad,28,2,0.07142857142857142,0.23708920187793428
342,Travis,Hafner,486,148,0.3045267489711934,0.27941176470588236
343,Scott,Hairston,20,2,0.1,0.24162679425837322
344,Jerry,HairstonJr.,380,99,0.26052631578947366,0.2544987146529563
345,John,Halama,5,1,0.2,0.24813895781637718
346,Bill,Hall,501,146,0.29141716566866266,0.2725250278086763
347,Toby,Hall,432,124,0.28703703703703703,0.26867469879518074
348,Roy,Halladay,2,0,0.0,0.2475
349,Bradford,Halsey,48,3,0.0625,0.22869955156950672
350,Chris,Hammond,3,0,0.0,0.24688279301745636
351,Jeffrey,Hammonds,32,7,0.21875,0.24651162790697675
352,Mike,Hampton,25,8,0.32,0.25295508274231676
353,Dave,Hansen,75,13,0.17333333333333334,0.23678646934460887
354,Aaron,Harang,74,2,0.02702702702702703,0.21398305084745764
355,James,Hardy,372,92,0.24731182795698925,0.24805194805194805
356,Dan,Haren,5,2,0.4,0.2506203473945409
357,Travis,Harper,1,0,0.0,0.24812030075187969
358,Brendan,Harris,9,3,0.3333333333333333,0.25061425061425063
359,Lenny,Harris,70,22,0.3142857142857143,0.25854700854700857
360,Willie,Harris,121,31,0.256198347107438,0.2504816955684008
361,Corey,Hart,57,11,0.19298245614035087,0.24175824175824176
362,Ken,Harvey,45,10,0.2222222222222222,0.24604966139954854
363,Chad,Harville,1,0,0.0,0.24812030075187969
364,Scott,Hatteberg,464,119,0.25646551724137934,0.2529002320185615
365,Bradley,Hawpe,305,80,0.26229508196721313,0.2546230440967283
366,Aaron,Heilman,14,0,0.0,0.24029126213592233
367,Chris,Heintz,25,5,0.2,0.2458628841607565
368,Rick,Helling,13,0,0.0,0.24087591240875914
369,Wes,Helms,168,50,0.2976190476190476,0.26325088339222613
370,Todd,Helton,509,163,0.32023575638506874,0.288864388092613
371,Mark,Hendrickson,7,1,0.14285714285714285,0.24691358024691357
372,Brad,Hennessey,39,9,0.23076923076923078,0.2471395881006865
373,Clay,Hensley,6,1,0.16666666666666666,0.24752475247524752
374,Jeremy,Hermida,41,12,0.2926829268292683,0.2528473804100228
375,Anderson,Hernandez,18,1,0.05555555555555555,0.2403846153846154
376,Jose,Hernandez,234,54,0.23076923076923078,0.24208860759493672
377,Livan,Hernandez,82,20,0.24390243902439024,0.24791666666666667
378,Orlando,Hernandez,3,1,0.3333333333333333,0.24937655860349128
379,Ramon,Hernandez,369,107,0.2899728997289973,0.2685788787483703
380,Runelvys,Hernandez,5,0,0.0,0.2456575682382134
381,Richard,Hidalgo,308,68,0.22077922077922077,0.23654390934844194
382,Bobby,Higginson,26,2,0.07692307692307693,0.23820754716981132
383,Aaron,Hill,361,99,0.2742382271468144,0.2608695652173913
384,Bobby,Hill,93,25,0.26881720430107525,0.2525458248472505
385,Koyie,Hill,78,17,0.21794871794871795,0.24369747899159663
386,Richard,Hill,6,2,0.3333333333333333,0.25
387,Shea,Hillenbrand,594,173,0.29124579124579125,0.27419354838709675
388,Eric,Hinske,477,125,0.2620545073375262,0.256
389,Denny,Hocking,60,16,0.26666666666666666,0.25109170305676853
390,Aaron,Holbert,27,6,0.2222222222222222,0.24705882352941178
391,Todd,Hollandsworth,303,74,0.24422442244224424,0.24679029957203993
392,Matthew,Holliday,479,147,0.3068893528183716,0.2805017103762828
393,Damon,Hollins,342,85,0.24853801169590642,0.24864864864864866
394,Kevin,Hooper,5,1,0.2,0.24813895781637718
395,Dennis,Houlton,30,3,0.1,0.2383177570093458
396,Ryan,Howard,312,90,0.28846153846153844,0.2661971830985915
397,James,Howell,3,0,0.0,0.24688279301745636
398,Bob,Howry,1,0,0.0,0.24812030075187969
399,Justin,Huber,78,17,0.21794871794871795,0.24369747899159663
400,Ken,Huckaby,87,18,0.20689655172413793,0.24123711340206186
401,Luke,Hudson,25,8,0.32,0.25295508274231676
402,Orlando,Hudson,461,125,0.27114967462039047,0.2607683352735739
403,Tim,Hudson,65,9,0.13846153846153847,0.23326133909287258
404,Aubrey,Huff,575,150,0.2608695652173913,0.25590955806783144
405,Torii,Hunter,372,100,0.26881720430107525,0.2584415584415584
406,Adam,Hyzdu,36,7,0.19444444444444445,0.24423963133640553
407,Raul,Ibanez,614,172,0.28013029315960913,0.26778656126482214
408,Tadahito,Iguchi,511,142,0.27788649706457924,0.26512651265126513
409,Omar,Infante,406,90,0.22167487684729065,0.23507462686567165
410,Brandon,Inge,616,161,0.26136363636363635,0.2564102564102564
411,Kazuhisa,Ishii,25,5,0.2,0.2458628841607565
412,Cesar,Izturis,444,114,0.25675675675675674,0.2529691211401425
413,Maicer,Izturis,191,47,0.24607329842931938,0.24787775891341257
414,Conor,Jackson,85,17,0.2,0.2401656314699793
415,Damian,Jackson,275,70,0.2545454545454545,0.2511144130757801
416,Edwin,Jackson,10,2,0.2,0.24754901960784315
417,Michael,Jacobs,100,31,0.31,0.26104417670682734
418,Chuck,James,1,1,1.0,0.2506265664160401
419,Geoff,Jenkins,538,157,0.29182156133828996,0.27350427350427353
420,Jason,Jennings,38,6,0.15789473684210525,0.2408256880733945
421,Ryan,Jensen,1,0,0.0,0.24812030075187969
422,Derek,Jeter,654,202,0.308868501529052,0.28612167300380226
423,D'Angelo,Jimenez,105,24,0.22857142857142856,0.24453280318091453
424,Ben,Johnson,75,16,0.21333333333333335,0.24312896405919662
425,Charles,Johnson,46,9,0.1956521739130435,0.24324324324324326
426,Dan,Johnson,375,103,0.27466666666666667,0.2613195342820181
427,Jason,Johnson,2,1,0.5,0.25
428,Joshua,Johnson,4,1,0.25,0.24875621890547264
429,Kelly,Johnson,290,70,0.2413793103448276,0.24563953488372092
430,Nick,Johnson,453,131,0.2891832229580574,0.2702702702702703
431,Randy,Johnson,8,0,0.0,0.2438423645320197
432,Reed,Johnson,398,107,0.26884422110552764,0.25879396984924624
433,Russ,Johnson,18,4,0.2222222222222222,0.24759615384615385
434,Andruw,Jones,586,154,0.2627986348122867,0.2571138211382114
435,Chipper,Jones,358,106,0.29608938547486036,0.27116402116402116
436,Jacque,Jones,523,130,0.248565965583174,0.248642779587405
437,Todd,Jones,3,1,0.3333333333333333,0.24937655860349128
438,Brian,Jordan,231,57,0.24675324675324675,0.2480127186009539
439,Ryan,Jorgensen,4,0,0.0,0.2462686567164179
440,Gabe,Kapler,97,24,0.24742268041237114,0.24848484848484848
441,Matt,Kata,37,7,0.1891891891891892,0.24367816091954023
442,Scott,Kazmir,1,0,0.0,0.24812030075187969
443,Austin,Kearns,387,93,0.24031007751937986,0.2445859872611465
444,Randy,Keisler,15,4,0.26666666666666666,0.24939467312348668
445,Kenny,Kelly,13,4,0.3076923076923077,0.25060827250608275
446,Jason,Kendall,601,163,0.27121464226289516,0.26226226226226224
447,Adam,Kennedy,416,125,0.3004807692307692,0.2751842751842752
448,Joe,Kennedy,29,5,0.1724137931034483,0.24355971896955503
449,Jeff,Kent,553,160,0.28933092224231466,0.2723449001051525
450,Bobby,Kielty,377,99,0.2625994694960212,0.25548387096774194
451,Byung-Hyun,Kim,38,3,0.07894736842105263,0.23394495412844038
452,Sun-Woo,Kim,19,2,0.10526315789473684,0.2422062350119904
453,Matt,Kinney,3,1,0.3333333333333333,0.24937655860349128
454,Ryan,Klesko,443,110,0.24830699774266365,0.24851367419738407
455,Justin,Knoedler,10,1,0.1,0.24509803921568626
456,Danny,Kolb,1,0,0.0,0.24812030075187969
457,Paul,Konerko,575,163,0.28347826086956524,0.2692702980472765
458,Mike,Koplove,2,0,0.0,0.2475
459,John,Koronka,4,0,0.0,0.2462686567164179
460,Corey,Koskie,354,88,0.24858757062146894,0.24867021276595744
461,Casey,Kotchman,126,35,0.2777777777777778,0.25572519083969464
462,Mark,Kotsay,582,163,0.2800687285223368,0.2673469387755102
463,Dave,Krynzel,7,0,0.0,0.24444444444444444
464,John,Lackey,6,0,0.0,0.24504950495049505
465,Pete,LaForest,64,11,0.171875,0.23809523809523808
466,Gerald,Laird,40,9,0.225,0.2465753424657534
467,Tim,Laker,1,0,0.0,0.24812030075187969
468,Mike,Lamb,322,76,0.2360248447204969,0.24305555555555555
469,Jason,Lane,517,138,0.26692456479690524,0.25901639344262295
470,Ryan,Langerhans,326,87,0.2668711656441718,0.2569060773480663
471,Adam,LaRoche,451,117,0.25942350332594233,0.254416961130742
472,Jason,LaRue,361,94,0.26038781163434904,0.25428194993412384
473,Brian,Lawrence,59,5,0.0847457627118644,0.2275711159737418
474,Matt,Lawton,500,127,0.254,0.2516703786191537
475,Matthew,LeCroy,304,79,0.2598684210526316,0.2535612535612536
476,Ricky,Ledee,237,66,0.27848101265822783,0.25984251968503935
477,Carlos,Lee,618,164,0.26537216828478966,0.2588582677165354
478,Cliff,Lee,8,0,0.0,0.2438423645320197
479,Derrek,Lee,594,199,0.335016835016835,0.3004032258064516
480,Travis,Lee,404,110,0.2722772277227723,0.26059850374064836
481,Justin,Lehr,3,0,0.0,0.24688279301745636
482,Al,Leiter,18,0,0.0,0.23798076923076922
483,Al,Levine,2,0,0.0,0.2475
484,Cory,Lidle,58,8,0.13793103448275862,0.23464912280701755
485,Jon,Lieber,73,7,0.0958904109589041,0.22505307855626328
486,Mike,Lieberthal,392,103,0.2627551020408163,0.25569620253164554
487,Jeff,Liefer,56,11,0.19642857142857142,0.2422907488986784
488,Kerry,Ligtenberg,1,0,0.0,0.24812030075187969
489,Ted,Lilly,3,0,0.0,0.24688279301745636
490,Jose,Lima,3,1,0.3333333333333333,0.24937655860349128
491,Todd,Linden,171,37,0.21637426900584794,0.2390158172231986
492,Scott,Linebrink,1,0,0.0,0.24812030075187969
493,Esteban,Loaiza,74,12,0.16216216216216217,0.23516949152542374
494,Paul,LoDuca,445,126,0.28314606741573034,0.2669039145907473
495,Kenny,Lofton,367,123,0.335149863760218,0.2901960784313726
496,Exavier,Logan,322,83,0.2577639751552795,0.25277777777777777
497,Kyle,Lohse,5,0,0.0,0.2456575682382134
498,Terrence,Long,455,127,0.27912087912087913,0.264947245017585
499,Aquilino,Lopez,1,0,0.0,0.24812030075187969
500,Felipe,Lopez,580,169,0.2913793103448276,0.2740286298568507
501,Javy,Lopez,395,110,0.27848101265822783,0.2635561160151324
502,Jose,Lopez,190,47,0.24736842105263157,0.24829931972789115
503,Luis,Lopez,27,6,0.2222222222222222,0.24705882352941178
504,Pedro,Lopez,7,2,0.2857142857142857,0.24938271604938272
505,Rodrigo,Lopez,4,0,0.0,0.2462686567164179
506,Mark,Loretta,404,113,0.27970297029702973,0.26433915211970077
507,Derek,Lowe,65,10,0.15384615384615385,0.23542116630669546
508,Mike,Lowell,500,118,0.236,0.24164810690423164
509,Noah,Lowry,59,16,0.2711864406779661,0.25164113785557984
510,Ryan,Ludwick,41,9,0.21951219512195122,0.2460136674259681
511,Julio,Lugo,616,182,0.29545454545454547,0.27712031558185407
512,Hector,Luna,137,39,0.2846715328467153,0.25794392523364484
513,John,Mabry,246,59,0.23983739837398374,0.2453416149068323
514,Alejandro,Machado,5,1,0.2,0.24813895781637718
515,Andrew,Machado,12,0,0.0,0.24146341463414633
516,Jose,Macias,177,45,0.2542372881355932,0.25043478260869567
517,Rob,Mackowiak,463,126,0.27213822894168466,0.2613240418118467
518,Greg,Maddux,76,13,0.17105263157894737,0.23628691983122363
519,Ryan,Madson,6,0,0.0,0.24504950495049505
520,Chris,Magruder,138,28,0.2028985507246377,0.23694029850746268
521,Mike,Mahoney,64,10,0.15625,0.23593073593073594
522,Gary,Majewski,6,0,0.0,0.24504950495049505
523,Mike,Maroth,4,2,0.5,0.2512437810945274
524,Jason,Marquis,87,27,0.3103448275862069,0.2597938144329897
525,Eli,Marrero,138,25,0.18115942028985507,0.23134328358208955
526,Andy,Marte,57,8,0.14035087719298245,0.23516483516483516
527,Pedro,Martinez,69,6,0.08695652173913043,0.22483940042826553
528,Ramon,Martinez,112,31,0.2767857142857143,0.2549019607843137
529,Tino,Martinez,303,73,0.24092409240924093,0.24536376604850213
530,Victor,Martinez,547,167,0.3053016453382084,0.2814814814814815
531,Henry,Mateo,1,0,0.0,0.24812030075187969
532,Mike,Matheny,443,107,0.24153498871331827,0.24494649227110582
533,Jeffery,Mathis,3,1,0.3333333333333333,0.24937655860349128
534,Luis,Matos,389,109,0.2802056555269923,0.26429479034307496
535,David,Matranga,1,0,0.0,0.24812030075187969
536,Hideki,Matsui,629,192,0.3052464228934817,0.28334956183057447
537,Kazuo,Matsui,267,68,0.2546816479400749,0.2511278195488722
538,Gary,MatthewsJr.,475,121,0.25473684210526315,0.2520045819014891
539,Joe,Mauer,489,144,0.294478527607362,0.27395715896279593
540,Darrell,May,9,1,0.1111111111111111,0.2457002457002457
541,Joe,Mays,3,1,0.3333333333333333,0.24937655860349128
542,Paul,McAnulty,24,5,0.20833333333333334,0.24644549763033174
543,Brian,McCann,180,50,0.2777777777777778,0.2577854671280277
544,Brandon,McCarthy,2,0,0.0,0.2475
545,David,McCarty,4,2,0.5,0.2512437810945274
546,Quinton,McCracken,215,51,0.2372093023255814,0.24469820554649266
547,John,McDonald,166,46,0.27710843373493976,0.2570921985815603
548,Marshall,McDougall,18,3,0.16666666666666666,0.24519230769230768
549,Joe,McEwing,180,43,0.2388888888888889,0.24567474048442905
550,Nathan,McLouth,109,28,0.25688073394495414,0.2504930966469428
551,Dallas,McPherson,205,50,0.24390243902439024,0.2470978441127695
552,Brian,Meadows,1,0,0.0,0.24812030075187969
553,Gil,Meche,4,1,0.25,0.24875621890547264
554,Adam,Melhuse,97,24,0.24742268041237114,0.24848484848484848
555,Kevin,Mench,557,147,0.2639138240574506,0.25759162303664923
556,Frank,Menechino,148,32,0.21621621621621623,0.23992673992673993
557,Lou,Merloni,5,0,0.0,0.2456575682382134
558,Jose,Mesa,1,0,0.0,0.24812030075187969
559,Randy,Messenger,3,1,0.3333333333333333,0.24937655860349128
560,Jason,Michaels,289,88,0.3044982698961938,0.27219796215429404
561,Doug,Mientkiewicz,275,66,0.24,0.2451708766716196
562,Aaron,Miles,324,91,0.2808641975308642,0.2631578947368421
563,Kevin,Millar,449,122,0.2717149220489978,0.26092089728453366
564,Corky,Miller,12,0,0.0,0.24146341463414633
565,Damian,Miller,385,105,0.2727272727272727,0.26053639846743293
566,Wade,Miller,3,2,0.6666666666666666,0.2518703241895262
567,Kevin,Millwood,2,0,0.0,0.2475
568,Eric,Milton,56,8,0.14285714285714285,0.2356828193832599
569,Doug,Mirabelli,136,31,0.22794117647058823,0.24344569288389514
570,Sergio,Mitre,11,4,0.36363636363636365,0.25183374083129584
571,Brian,Moehler,40,3,0.075,0.2328767123287671
572,Chad,Moeller,199,41,0.20603015075376885,0.23450586264656617
573,Dustan,Mohr,266,57,0.21428571428571427,0.23493975903614459
574,Bengie,Molina,410,121,0.2951219512195122,0.2722772277227723
575,Jose,Molina,184,42,0.22826086956521738,0.2422680412371134
576,Yadier,Molina,385,97,0.2519480519480519,0.2503192848020434
577,Raul,Mondesi,142,30,0.2112676056338028,0.2388888888888889
578,Craig,Monroe,567,157,0.2768959435626102,0.26528497409326424
579,Melvin,Mora,593,168,0.28330522765598654,0.2694248234106963
580,Mike,Mordecai,2,0,0.0,0.2475
581,Justin,Morneau,490,117,0.23877551020408164,0.24324324324324326
582,Matt,Morris,57,5,0.08771929824561403,0.22857142857142856
583,Michael,Morse,230,64,0.2782608695652174,0.25955414012738853
584,Julio,Mosquera,1,0,0.0,0.24812030075187969
585,Guillermo,Mota,3,0,0.0,0.24688279301745636
586,Jamie,Moyer,1,0,0.0,0.24812030075187969
587,Bill,Mueller,519,153,0.2947976878612717,0.2748091603053435
588,Mark,Mulder,62,9,0.14516129032258066,0.23478260869565218
589,Eric,Munson,18,3,0.16666666666666666,0.24519230769230768
590,Donald,Murphy,77,12,0.15584415584415584,0.2336842105263158
591,Matthew,Murton,140,45,0.32142857142857145,0.26765799256505574
592,Mike,Mussina,3,0,0.0,0.24688279301745636
593,Brett,Myers,65,10,0.15384615384615385,0.23542116630669546
594,Greg,Myers,12,1,0.08333333333333333,0.24390243902439024
595,Brian,Myrow,20,4,0.2,0.24641148325358853
596,Xavier,Nady,326,85,0.2607361963190184,0.2541436464088398
597,Dioner,Navarro,176,48,0.2727272727272727,0.25609756097560976
598,Blaine,Neal,1,0,0.0,0.24812030075187969
599,Phil,Nevin,380,90,0.23684210526315788,0.24293059125964012
600,David,Newhan,218,44,0.2018348623853211,0.23214285714285715
601,Lance,Niekro,278,70,0.2517985611510791,0.25
602,Wilbert,Nieves,4,0,0.0,0.2462686567164179
603,Dustin,Nippert,4,1,0.25,0.24875621890547264
604,Ramon,Nivar,13,4,0.3076923076923077,0.25060827250608275
605,Laynce,Nix,229,55,0.24017467248908297,0.24561403508771928
606,Trot,Nixon,408,112,0.27450980392156865,0.2617866004962779
607,Hideo,Nomo,4,0,0.0,0.2462686567164179
608,Roberto,Novoa,1,0,0.0,0.24812030075187969
609,Abraham,Nunez,421,120,0.2850356294536817,0.2673992673992674
610,Wes,Obermueller,15,3,0.2,0.2469733656174334
611,Jose,Offerman,105,24,0.22857142857142856,0.24453280318091453
612,Tomokazu,Ohka,54,6,0.1111111111111111,0.2323008849557522
613,Miguel,Ojeda,102,15,0.14705882352941177,0.228
614,John,Olerud,173,50,0.28901734104046245,0.2609457092819615
615,Miguel,Olivo,267,58,0.21722846441947566,0.23609022556390977
616,Rainer,Olmedo,77,17,0.22077922077922077,0.24421052631578946
617,Scott,Olsen,3,0,0.0,0.24688279301745636
618,Timothy,Olson,2,0,0.0,0.2475
619,Magglio,Ordonez,305,92,0.3016393442622951,0.2716927453769559
620,Peter,Orr,150,45,0.3,0.26277372262773724
621,David,Ortiz,601,180,0.2995008319467554,0.27927927927927926
622,Ramon,Ortiz,54,4,0.07407407407407407,0.22787610619469026
623,Russ,Ortiz,34,7,0.20588235294117646,0.24537037037037038
624,Daniel,Ortmeier,22,3,0.13636363636363635,0.24285714285714285
625,Keith,Osik,4,0,0.0,0.2462686567164179
626,Franquelis,Osoria,3,0,0.0,0.24688279301745636
627,Roy,Oswalt,73,13,0.1780821917808219,0.23779193205944799
628,Akinori,Otsuka,1,0,0.0,0.24812030075187969
629,Lyle,Overbay,537,148,0.2756052141527002,0.2641711229946524
630,Chris,Oxspring,2,0,0.0,0.2475
631,Pablo,Ozuna,203,56,0.27586206896551724,0.2579034941763727
632,Juan,Padilla,2,1,0.5,0.25
633,Vicente,Padilla,41,6,0.14634146341463414,0.23917995444191345
634,Orlando,Palmeiro,204,58,0.28431372549019607,0.260797342192691
635,Rafael,Palmeiro,369,98,0.26558265582655827,0.25684485006518903
636,ChanHo,Park,19,5,0.2631578947368421,0.24940047961630696
637,Corey,Patterson,451,97,0.21507760532150777,0.2308598351001178
638,John,Patterson,59,6,0.1016949152542373,0.22975929978118162
639,Josh,Paul,37,7,0.1891891891891892,0.24367816091954023
640,Ronny,Paulino,4,2,0.5,0.2512437810945274
641,Carl,Pavano,7,0,0.0,0.24444444444444444
642,Jay,Payton,408,109,0.26715686274509803,0.25806451612903225
643,Jacob,Peavy,53,10,0.18867924528301888,0.24168514412416853
644,Brayan,Pena,39,7,0.1794871794871795,0.2425629290617849
645,Carlos,Pena,260,61,0.23461538461538461,0.24316109422492402
646,Wily,Pena,311,79,0.2540192926045016,0.25105782792665726
647,Hayden,Penn,1,0,0.0,0.24812030075187969
648,Brad,Penny,50,8,0.16,0.23883928571428573
649,Jhonny,Peralta,504,147,0.2916666666666667,0.2727272727272727
650,Antonio,Perez,259,77,0.2972972972972973,0.2678843226788432
651,Eddie,Perez,38,8,0.21052631578947367,0.24541284403669725
652,Eduardo,Perez,161,41,0.2546583850931677,0.2504472271914132
653,Miguel,Perez,3,0,0.0,0.24688279301745636
654,Neifi,Perez,572,157,0.2744755244755245,0.2639175257731959
655,Odalis,Perez,33,4,0.12121212121212122,0.23897911832946636
656,Oliver,Perez,33,6,0.18181818181818182,0.24361948955916474
657,Timo,Perez,179,39,0.21787709497206703,0.2391681109185442
658,Tomas,Perez,159,37,0.23270440251572327,0.24416517055655296
659,Andy,Pettitte,62,5,0.08064516129032258,0.22608695652173913
660,Josh,Phelps,158,42,0.26582278481012656,0.25359712230215825
661,Brandon,Phillips,9,0,0.0,0.24324324324324326
662,George,Phillips,40,6,0.15,0.23972602739726026
663,Jason,Phillips,399,95,0.23809523809523808,0.24341279799247176
664,Paul,Phillips,67,18,0.26865671641791045,0.25161290322580643
665,Mike,Piazza,398,100,0.25125628140703515,0.25
666,Calvin,Pickering,27,4,0.14814814814814814,0.24235294117647058
667,Jorge,Piedra,112,35,0.3125,0.2627450980392157
668,Juan,Pierre,656,181,0.2759146341463415,0.2656546489563567
669,Anthony,Pierzynski,460,118,0.2565217391304348,0.2529137529137529
670,Joel,Pineiro,4,0,0.0,0.2462686567164179
671,Scott,Podsednik,507,147,0.28994082840236685,0.2718232044198895
672,Placido,Polanco,501,166,0.3313373253493014,0.29477196885428253
673,Cliff,Politte,1,1,1.0,0.2506265664160401
674,Sidney,Ponson,4,1,0.25,0.24875621890547264
675,Jorge,Posada,474,124,0.2616033755274262,0.25573394495412843
676,Todd,Pratt,175,44,0.25142857142857145,0.24956369982547993
677,Curtis,Pride,11,1,0.09090909090909091,0.24449877750611246
678,Chris,Prieto,2,0,0.0,0.2475
679,Mark,Prior,48,11,0.22916666666666666,0.24663677130044842
680,Albert,Pujols,591,195,0.3299492385786802,0.2972699696663296
681,Nick,Punto,394,94,0.23857868020304568,0.24368686868686867
682,Chad,Qualls,1,0,0.0,0.24812030075187969
683,Paul,Quantrill,1,0,0.0,0.24812030075187969
684,Robb,Quinlan,134,31,0.23134328358208955,0.24436090225563908
685,Omar,Quintanilla,128,28,0.21875,0.2414448669201521
686,Humberto,Quintero,54,10,0.18518518518518517,0.2411504424778761
687,Guillermo,Quiroz,36,7,0.19444444444444445,0.24423963133640553
688,Brad,Radke,5,0,0.0,0.2456575682382134
689,Aramis,Ramirez,463,140,0.3023758099352052,0.2775842044134727
690,Elizardo,Ramirez,8,0,0.0,0.2438423645320197
691,Hanley,Ramirez,2,0,0.0,0.2475
692,Horacio,Ramirez,73,16,0.2191780821917808,0.24416135881104034
693,Julio,Ramirez,4,1,0.25,0.24875621890547264
694,Manny,Ramirez,554,162,0.2924187725631769,0.27415966386554624
695,Joe,Randa,555,153,0.2756756756756757,0.2644281217208814
696,Jon,Rauch,7,1,0.14285714285714285,0.24691358024691357
697,Tim,Redding,8,0,0.0,0.2438423645320197
698,Mark,Redman,53,6,0.11320754716981132,0.2328159645232816
699,Tike,Redman,319,80,0.2507836990595611,0.2496513249651325
700,Mike,Redmond,148,46,0.3108108108108108,0.26556776556776557
701,Jeremy,Reed,488,124,0.2540983606557377,0.2516930022573363
702,Keith,Reed,5,1,0.2,0.24813895781637718
703,Kevin,Reese,1,0,0.0,0.24812030075187969
704,Chris,Reitsma,1,0,0.0,0.24812030075187969
705,Desi,Relaford,210,47,0.22380952380952382,0.24013157894736842
706,Edgar,Renteria,623,172,0.27608346709470305,0.2654260528893242
707,Jason,Repko,276,61,0.2210144927536232,0.23738872403560832
708,Christopher,Resop,1,0,0.0,0.24812030075187969
709,Michael,Restovich,115,27,0.23478260869565218,0.24561403508771928
710,Al,Reyes,1,0,0.0,0.24812030075187969
711,Anthony,Reyes,4,0,0.0,0.2462686567164179
712,Dennys,Reyes,5,1,0.2,0.24813895781637718
713,Jose,Reyes,696,190,0.27298850574712646,0.26416819012797077
714,John,Riedling,2,0,0.0,0.2475
715,Alexis,Rios,481,126,0.26195426195426197,0.25597269624573377
716,Luis,Rivas,136,35,0.25735294117647056,0.250936329588015
717,Juan,Rivera,350,95,0.2714285714285714,0.25935828877005346
718,Rene,Rivera,48,19,0.3958333333333333,0.2645739910313901
719,Brian,Roberts,561,176,0.3137254901960784,0.2867570385818561
720,Dave,Roberts,411,113,0.2749391727493917,0.2620519159456119
721,Nathan,Robertson,3,0,0.0,0.24688279301745636
722,Alex,Rodriguez,605,194,0.32066115702479336,0.292123629112662
723,Ivan,Rodriguez,504,139,0.2757936507936508,0.2638580931263858
724,John,Rodriguez,149,44,0.2953020134228188,0.26142595978062155
725,Luis,Rodriguez,175,47,0.26857142857142857,0.2547993019197208
726,Ricardo,Rodriguez,3,1,0.3333333333333333,0.24937655860349128
727,Wandy,Rodriguez,40,6,0.15,0.23972602739726026
728,Eddie,Rogers,1,1,1.0,0.2506265664160401
729,Kenny,Rogers,3,1,0.3333333333333333,0.24937655860349128
730,Scott,Rolen,196,46,0.23469387755102042,0.2441077441077441
731,Jimmy,Rollins,677,196,0.2895125553914328,0.2744186046511628
732,Jason,Romano,30,8,0.26666666666666666,0.25
733,Michael,Rose,43,9,0.20930232558139536,0.24489795918367346
734,Cody,Ross,25,4,0.16,0.24349881796690306
735,David,Ross,125,30,0.24,0.24665391969407266
736,Aaron,Rowand,578,156,0.2698961937716263,0.2612704918032787
737,Kirk,Rueter,30,5,0.16666666666666666,0.24299065420560748
738,Glendon,Rusch,41,6,0.14634146341463414,0.23917995444191345
739,Michael,Ryan,117,27,0.23076923076923078,0.2446601941747573
740,Kirk,Saarloos,1,0,0.0,0.24812030075187969
741,Carsten,Sabathia,6,2,0.3333333333333333,0.25
742,Raymond,Sadler,8,2,0.25,0.24876847290640394
743,Olmedo,Saenz,319,84,0.26332288401253917,0.25523012552301255
744,Alex,Sanchez,176,57,0.32386363636363635,0.27177700348432055
745,Duaner,Sanchez,4,0,0.0,0.2462686567164179
746,Freddy,Sanchez,453,132,0.2913907284768212,0.27144535840188017
747,Rey,Sanchez,43,12,0.27906976744186046,0.25170068027210885
748,Reggie,Sanders,295,80,0.2711864406779661,0.2582972582972583
749,Danny,Sandoval,2,0,0.0,0.2475
750,Johan,Santana,6,1,0.16666666666666666,0.24752475247524752
751,Julio,Santana,1,0,0.0,0.24812030075187969
752,Benito,Santiago,23,6,0.2608695652173913,0.2494061757719715
753,Ramon,Santiago,8,1,0.125,0.24630541871921183
754,Victor,Santos,40,3,0.075,0.2328767123287671
755,Dane,Sardinha,3,0,0.0,0.24688279301745636
756,Jason,Schmidt,53,5,0.09433962264150944,0.23059866962305986
757,Stephen,Schmoll,1,0,0.0,0.24812030075187969
758,Brian,Schneider,369,99,0.2682926829268293,0.258148631029987
759,Jared,Schumaker,24,6,0.25,0.24881516587677724
760,Luke,Scott,80,15,0.1875,0.2384937238493724
761,Marcos,Scutaro,381,94,0.24671916010498687,0.24775353016688062
762,Scott,Seabol,105,23,0.21904761904761905,0.24254473161033796
763,Aaron,Sele,3,0,0.0,0.24688279301745636
764,Todd,Self,45,9,0.2,0.24379232505643342
765,Jae,Seo,29,3,0.10344827586206896,0.2388758782201405
766,Richie,Sexson,558,147,0.26344086021505375,0.25732217573221755
767,Adam,Shabala,15,3,0.2,0.2469733656174334
768,Brian,Shackelford,1,0,0.0,0.24812030075187969
769,Ryan,Shealy,91,30,0.32967032967032966,0.26380368098159507
770,Ben,Sheets,45,1,0.022222222222222223,0.22573363431151242
771,Gary,Sheffield,584,170,0.2910958904109589,0.2739307535641548
772,Christopher,Shelton,388,116,0.29896907216494845,0.27353689567430023
773,Scot,Shields,1,0,0.0,0.24812030075187969
774,Kelly,Shoppach,15,0,0.0,0.2397094430992736
775,Rick,Short,15,6,0.4,0.2542372881355932
776,Ruben,Sierra,170,39,0.22941176470588234,0.24295774647887325
777,Carlos,Silva,2,0,0.0,0.2475
778,Chris,Singleton,59,16,0.2711864406779661,0.25164113785557984
779,Andrew,Sisco,1,0,0.0,0.24812030075187969
780,Grady,Sizemore,640,185,0.2890625,0.27360308285163776
781,Terrmel,Sledge,37,9,0.24324324324324326,0.2482758620689655
782,Jason,Smith,58,11,0.1896551724137931,0.2412280701754386
783,John,Smoltz,68,10,0.14705882352941177,0.23390557939914164
784,Ian,Snell,8,0,0.0,0.2438423645320197
785,Chris,Snelling,29,8,0.27586206896551724,0.2505854800936768
786,Jack,Snow,367,101,0.27520435967302453,0.26143790849673204
787,Christopher,Snyder,326,66,0.20245398773006135,0.22790055248618785
788,Zach,Sorensen,12,2,0.16666666666666666,0.24634146341463414
789,Alfonso,Soriano,637,171,0.2684458398744113,0.2608695652173913
790,Jorge,Sosa,31,3,0.0967741935483871,0.23776223776223776
791,Sammy,Sosa,380,84,0.22105263157894736,0.2352185089974293
792,Geovany,Soto,1,0,0.0,0.24812030075187969
793,Ryan,Speier,2,0,0.0,0.2475
794,Scott,Spiezio,47,3,0.06382978723404255,0.2292134831460674
795,Ryan,Spilborghs,4,2,0.5,0.2512437810945274
796,Junior,Spivey,259,60,0.23166023166023167,0.2420091324200913
797,Matt,Stairs,396,109,0.27525252525252525,0.2619647355163728
798,Mike,Stanton,1,0,0.0,0.24812030075187969
799,Timothy,Stauffer,24,3,0.125,0.24170616113744076
800,Adam,Stern,15,2,0.13333333333333333,0.24455205811138014
801,Shannon,Stewart,551,151,0.27404718693284935,0.26343519494204426
802,Kelly,Stinnett,129,32,0.24806201550387597,0.24857685009487665
803,Ricky,Stone,2,0,0.0,0.2475
804,Jamal,Strong,20,5,0.25,0.24880382775119617
805,Cory,Sullivan,378,111,0.29365079365079366,0.2706185567010309
806,Jeff,Suppan,58,12,0.20689655172413793,0.24342105263157895
807,William,Surhoff,303,78,0.25742574257425743,0.2524964336661912
808,Ichiro,Suzuki,679,206,0.30338733431516934,0.28319405756731664
809,Mark,Sweeney,221,65,0.29411764705882354,0.2649434571890145
810,Mike,Sweeney,470,141,0.3,0.2764976958525346
811,Nicholas,Swisher,462,109,0.23593073593073594,0.24186046511627907
812,So,Taguchi,396,114,0.2878787878787879,0.2682619647355164
813,Willy,Taveras,592,172,0.2905405405405405,0.2737373737373737
814,Reggie,Taylor,22,4,0.18181818181818182,0.24523809523809523
815,Mark,Teahen,447,110,0.24608501118568232,0.24733727810650888
816,Mark,Teixeira,644,194,0.30124223602484473,0.28119001919385794
817,Miguel,Tejada,654,199,0.30428134556574926,0.2832699619771863
818,Robinson,Tejeda,20,2,0.1,0.24162679425837322
819,Luis,Terrero,161,37,0.22981366459627328,0.24329159212880144
820,Marcus,Thames,107,21,0.19626168224299065,0.2376237623762376
821,Ryan,Theriot,13,2,0.15384615384615385,0.24574209245742093
822,Charles,Thomas,46,5,0.10869565217391304,0.23423423423423423
823,Frank,Thomas,105,23,0.21904761904761905,0.24254473161033796
824,Jim,Thome,193,40,0.20725388601036268,0.23519458544839256
825,Bradley,Thompson,6,1,0.16666666666666666,0.24752475247524752
826,Derek,Thompson,4,0,0.0,0.2462686567164179
827,John,Thomson,25,5,0.2,0.2458628841607565
828,Terry,Tiffee,150,31,0.20666666666666667,0.23722627737226276
829,Brett,Tomko,55,9,0.16363636363636364,0.23841059602649006
830,Tony,Torcato,11,3,0.2727272727272727,0.24938875305623473
831,Yorvit,Torrealba,201,47,0.23383084577114427,0.24373956594323873
832,Andres,Torres,19,3,0.15789473684210525,0.2446043165467626
833,Salomon,Torres,4,2,0.5,0.2512437810945274
834,Josh,Towers,6,0,0.0,0.24504950495049505
835,Steve,Trachsel,15,1,0.06666666666666667,0.24213075060532688
836,Chad,Tracy,503,155,0.3081510934393638,0.28190899001109876
837,Matt,Treanor,134,27,0.20149253731343283,0.23684210526315788
838,Michael,Tucker,268,64,0.23880597014925373,0.24474474474474475
839,Jason,Tyner,56,18,0.32142857142857145,0.2577092511013216
840,Juan,Uribe,481,121,0.2515592515592516,0.2502844141069397
841,Chase,Utley,543,158,0.29097605893186,0.2731137088204038
842,Ismael,Valdez,13,2,0.15384615384615385,0.24574209245742093
843,Wilson,Valdez,139,28,0.2014388489208633,0.23649906890130354
844,Eric,Valent,43,8,0.18604651162790697,0.24263038548752835
845,Javier,Valentin,221,62,0.28054298642533937,0.26009693053311794
846,Jose,Valentin,147,25,0.17006802721088435,0.22752293577981653
847,Claudio,Vargas,36,4,0.1111111111111111,0.23732718894009217
848,Jason,Vargas,26,8,0.3076923076923077,0.25235849056603776
849,Jason,Varitek,470,132,0.28085106382978725,0.2661290322580645
850,Luis,Vasquez,1,0,0.0,0.24812030075187969
851,Javier,Vazquez,63,15,0.23809523809523808,0.2472885032537961
852,Ramon,Vazquez,85,18,0.21176470588235294,0.2422360248447205
853,Michael,Vento,2,0,0.0,0.2475
854,Shane,Victorino,17,5,0.29411764705882354,0.25060240963855424
855,Jose,Vidro,309,85,0.2750809061488673,0.26025459688826025
856,Ron,Villone,1,0,0.0,0.24812030075187969
857,Jose,Vizcaino,187,46,0.24598930481283424,0.24786324786324787
858,Omar,Vizquel,568,154,0.2711267605633803,0.2619047619047619
859,Ryan,Vogelsong,9,1,0.1111111111111111,0.2457002457002457
860,Doug,Waechter,2,0,0.0,0.2475
861,Billy,Wagner,3,1,0.3333333333333333,0.24937655860349128
862,Ryan,Wagner,1,0,0.0,0.24812030075187969
863,Tim,Wakefield,8,2,0.25,0.24876847290640394
864,Larry,Walker,315,91,0.28888888888888886,0.2664796633941094
865,Todd,Walker,397,121,0.3047858942065491,0.27672955974842767
866,Tyler,Walker,1,0,0.0,0.24812030075187969
867,Chien-Ming,Wang,1,0,0.0,0.24812030075187969
868,Daryle,Ward,407,106,0.26044226044226043,0.2546583850931677
869,John,Wasdin,1,0,0.0,0.24812030075187969
870,Jarrod,Washburn,4,0,0.0,0.2462686567164179
871,Brandon,Watson,40,7,0.175,0.2420091324200913
872,Matt,Watson,48,9,0.1875,0.242152466367713
873,Jeff,Weaver,70,16,0.22857142857142856,0.24572649572649571
874,Brandon,Webb,62,6,0.0967741935483871,0.22826086956521738
875,Rickie,Weeks,360,86,0.2388888888888889,0.24406332453825857
876,Todd,Wellemeyer,4,1,0.25,0.24875621890547264
877,David,Wells,7,1,0.14285714285714285,0.24691358024691357
878,Kip,Wells,57,9,0.15789473684210525,0.23736263736263735
879,Vernon,Wells,620,167,0.2693548387096774,0.26129666011787817
880,Jayson,Werth,337,79,0.2344213649851632,0.24217687074829933
881,Jake,Westbrook,2,0,0.0,0.2475
882,Matt,White,1,0,0.0,0.24812030075187969
883,Rick,White,2,0,0.0,0.2475
884,Rondell,White,374,117,0.31283422459893045,0.27979274611398963
885,Dustin,Whiteside,12,3,0.25,0.24878048780487805
886,Chris,Widger,141,34,0.24113475177304963,0.24675324675324675
887,Ty,Wigginton,155,40,0.25806451612903225,0.2513562386980108
888,Brad,Wilkerson,565,140,0.24778761061946902,0.2481827622014538
889,Bernie,Williams,485,121,0.24948453608247423,0.2491506228765572
890,Dave,Williams,42,5,0.11904761904761904,0.23636363636363636
891,Gerald,Williams,30,7,0.23333333333333334,0.24766355140186916
892,Glenn,Williams,40,17,0.425,0.2648401826484018
893,Jerome,Williams,34,3,0.08823529411764706,0.2361111111111111
894,Randall,Williams,1,0,0.0,0.24812030075187969
895,Woody,Williams,46,7,0.15217391304347827,0.23873873873873874
896,Joshua,Willingham,23,7,0.30434782608695654,0.2517814726840855
897,Dontrelle,Willis,92,24,0.2608695652173913,0.2510204081632653
898,Craig,Wilson,197,52,0.2639593908629442,0.253781512605042
899,Dan,Wilson,27,5,0.18518518518518517,0.2447058823529412
900,Enrique,Wilson,22,3,0.13636363636363635,0.24285714285714285
901,Jack,Wilson,587,151,0.2572402044293015,0.25380710659898476
902,Joshua,Wilson,10,1,0.1,0.24509803921568626
903,Paul,Wilson,17,3,0.17647058823529413,0.2457831325301205
904,Preston,Wilson,520,135,0.25961538461538464,0.2549019607843137
905,Vance,Wilson,152,30,0.19736842105263158,0.23454545454545456
906,Randy,Winn,617,189,0.3063209076175041,0.28374384236453204
907,Matt,Wise,1,1,1.0,0.2506265664160401
908,Randy,Wolf,26,4,0.15384615384615385,0.2429245283018868
909,Tony,Womack,329,82,0.24924012158054712,0.24896836313617607
910,Kerry,Wood,18,2,0.1111111111111111,0.24278846153846154
911,Chris,Woodward,173,49,0.2832369942196532,0.2591943957968476
912,Shawn,Wooten,1,0,0.0,0.24812030075187969
913,Tim,Worrell,1,0,0.0,0.24812030075187969
914,David,Wright,575,176,0.3060869565217391,0.28263103802672146
915,Jamey,Wright,55,8,0.14545454545454545,0.23620309050772628
916,Michael,Wuertz,2,0,0.0,0.2475
917,Kelly,Wunsch,1,0,0.0,0.24812030075187969
918,Kevin,Youkilis,79,22,0.27848101265822783,0.25366876310272535
919,Christopher,Young,5,0,0.0,0.2456575682382134
920,Dmitri,Young,469,127,0.27078891257995735,0.2606689734717416
921,Eric,Young,142,39,0.2746478873239437,0.25555555555555554
922,Michael,Young,668,221,0.33083832335329344,0.300187617260788
923,Walter,YoungJr.,33,10,0.30303030303030304,0.2529002320185615
924,Carlos,Zambrano,80,24,0.3,0.25732217573221755
925,Victor,Zambrano,53,7,0.1320754716981132,0.23503325942350334
926,Gregg,Zaun,434,109,0.2511520737327189,0.25
927,Barry,Zito,7,1,0.14285714285714285,0.24691358024691357
928,Victor,Zurita,58,23,0.39655172413793105,0.2675438596491228
